timestamp,vllm_commit_hash,tpu_inference_commit_hash
2026-01-15 11:15:28,4c1c501a7ee1d5efbad945ea62a702ce5cefb799,8b93316b0dae1226c8807987c5ad641412f6578b
2026-01-17 08:55:33,d3317bbba44ec11bbef435308f98284487fce45a,b8f1a7c4c8c48934f9c0db2c208f666a42baa262
2026-01-18 08:58:13,963dc0b865a3b6011fde7e0d938f86245dccbfac,baa83f8ab58ce00c7ca4e7cb85d12b0d21ace0e8
2026-05-21 08:57:39,9640970de20b15ade9eb3859825637f64e81ed8c,2270988c9ffd60c847671b055736bf5cb8b7f309
2026-05-22 09:07:23,9640970de20b15ade9eb3859825637f64e81ed8c,fba3b527e263fb24bab6c4839eb7575ef32bcd0e
2026-05-24 09:29:39,33d7cbe02ca100d3f0314cd22f4342d5cd23ba15,fd281f375e375116b976396f207d9fd960455984
2026-05-27 09:29:31,0b68f21e7c6ff146f12fd9a9018f5052d4b4722e,de380d71cc101141869dfa8fc3dec4bdc2af57a6
2026-05-28 09:25:34,05ac8296298258006c847610e8ee918e1dbbe591,7e3da005c0824aaf7bf4c02902b262bb3f4861e5
2026-06-30 17:06:04,8ad4a01825ef941e785b2bc305ac7a6b5ca9c530,fdbe99f0d286d5b55915c9f8534f7387f713db09
2026-06-30 18:06:27,727971f1c1056f7b8a3ea89713526756e6f7c8cf,f3db1149ace8b9dd873388ad3292e90be1c86358
2026-06-30 18:06:40,727971f1c1056f7b8a3ea89713526756e6f7c8cf,08a39cdea5f919417f4e118dfb71d751137cddeb
2026-06-30 18:06:58,727971f1c1056f7b8a3ea89713526756e6f7c8cf,d90705ae82cdea5559500aeb990ca13372f0fcfc
2026-06-30 18:07:12,727971f1c1056f7b8a3ea89713526756e6f7c8cf,1293fafbfaeb8fe8b4f279544a139db6b97ac014
2026-06-30 18:07:25,727971f1c1056f7b8a3ea89713526756e6f7c8cf,9511d6b9da075f51f5e2864922eb5e9448fed7c8
2026-06-30 18:07:37,727971f1c1056f7b8a3ea89713526756e6f7c8cf,527929653a808790e3868a5d281a668dea898b43
2026-06-30 18:07:57,727971f1c1056f7b8a3ea89713526756e6f7c8cf,96d44a4e3bee661dc7edd714fe3e1ce989b74971
2026-06-30 18:08:16,a7732537f4304a36c8067fde0937999fff939b63,9d4f859f55807c734eb715f4764601a8a567a7e3
2026-06-30 18:08:34,a7732537f4304a36c8067fde0937999fff939b63,4ff6773dee82f26e8e91adea6f504b0f1def75c4
2026-06-30 18:08:48,a7732537f4304a36c8067fde0937999fff939b63,3b765df32c744d7e58260c47352125a6f2a61e0a
